{"schemaVersion":"1.0","appDefinitionTemplate":{"id":"/providers/Microsoft.PowerApps/apps/","type":"Microsoft.PowerApps/apps","tags":{"primaryDeviceWidth":"640","primaryDeviceHeight":"1136","supportsPortrait":"true","supportsLandscape":"true","primaryFormFactor":"Phone","showStatusBar":"false","publisherVersion":"3.24062.17","minimumRequiredApiVersion":"2.2.0","hasComponent":"false","hasUnlockedComponent":"false","isUnifiedRootApp":"false","sienaVersion":"20240623T210437Z-3.24062.17.0"},"properties":{"appVersion":"2024-06-23T21:04:37Z","lifeCycleId":"Published","createdByClientVersion":{"major":3,"minor":24062,"build":17,"revision":0,"majorRevision":0,"minorRevision":0},"minClientVersion":{"major":3,"minor":24062,"build":17,"revision":0,"majorRevision":0,"minorRevision":0},"backgroundColor":"RGBA(0,176,240,1)","backgroundImageUri":"/15041814944212442306/N14d4c7c5-35d8-4b87-a00b-7319bae4c52c-logoSmallFile","displayName":"Agenda Power","description":"","commitMessage":"","appUris":{"documentUri":{"value":"/15041814944212442306/Nf15379c8-5471-4a3f-ae51-6447f9ab838e-document.msapp"},"imageUris":[],"additionalUris":[{"isSolutionAware":false,"value":"/15041814944212442306/N3653faf5-bddf-4284-af1e-6f0f2edf302b-identity.json"}]},"createdTime":"0001-01-01T00:00:00Z","lastModifiedTime":"0001-01-01T00:00:00Z","sharedGroupsCount":0,"sharedUsersCount":0,"connectionReferences":{"845f16ae-de51-4307-8196-4a01f55e35e8":{"id":"a185c3b4-a7fb-4c51-92c6-e7a067f96b56","displayName":"Excel","iconUri":"https://connectoricons-prod.azureedge.net/releases/v1.0.1694/1.0.1694.3752/excel/icon.png","dataSources":["TB_Contatos","TB_Departamentos2"],"dependencies":["5d0f87d8-2269-4614-a67a-1ce822c637e2"],"dependents":[],"parameterHints":{"5d0f87d8-2269-4614-a67a-1ce822c637e2":{"value":"fileSource"}},"parameterHintsV2":{"fileSource":{"value":"5d0f87d8-2269-4614-a67a-1ce822c637e2"}},"isOnPremiseConnection":false,"bypassConsent":false,"dataSets":{"b!BGgyz70J8ES803mcvzLO5_zGFD9zLslLpAgnO8jVNCMKyescJMuPTZq7oKgeMbMj.01556VNXGIJYMDSYCN4JFLBPJHIMLPERXJ":{"dataSources":{"TB_Contatos":{"tableName":"TB_Contatos"},"TB_Departamentos2":{"tableName":"TB_Departamentos2"}}}},"apiTier":"Standard","isCustomApiConnection":false,"actions":["providers/PowerPlatform.Governance/Operations/Read","providers/PowerPlatform.Governance/Operations/Write"]},"5d0f87d8-2269-4614-a67a-1ce822c637e2":{"id":"97346f75-9efd-4526-ae1d-838983e946f3","displayName":"OneDrive for Business","iconUri":"https://connectoricons-prod.azureedge.net/releases/v1.0.1689/1.0.1689.3722/onedriveforbusiness/icon.png","dataSources":[],"dependencies":[],"dependents":["845f16ae-de51-4307-8196-4a01f55e35e8"],"parameterHints":{},"parameterHintsV2":{},"isOnPremiseConnection":false,"bypassConsent":false,"dataSets":{},"apiTier":"Standard","isCustomApiConnection":false},"7d64acba-7748-4ad8-98c2-1cd82c4c7703":{"id":"801184df-6f0a-443f-aba8-a364420e5374","displayName":"Office 365 Users","iconUri":"https://connectoricons-prod.azureedge.net/releases/v1.0.1694/1.0.1694.3752/office365users/icon.png","dataSources":["Office365Users"],"dependencies":[],"dependents":[],"parameterHints":{},"parameterHintsV2":{},"isOnPremiseConnection":false,"bypassConsent":false,"dataSets":{},"apiTier":"Standard","isCustomApiConnection":false,"actions":["UserPhotoMetadata","UserPhoto_V2"]}},"databaseReferences":{},"almMode":"Environment","performanceOptimizationEnabled":true,"canConsumeAppPass":true,"enableModernRuntimeMode":false,"executionRestrictions":{"isTeamsOnly":false,"dataLossPreventionEvaluationResult":{"status":"Compliant","lastEvaluationDate":"2024-06-06T21:26:43.0904329Z","violations":[],"violationsByPolicy":[],"violationErrorMessage":"The app uses the following connectors: ."}}},"appType":"ClassicCanvasApp","appComponents":[]}}